Name,Code
3M India Ltd,CAAqKAgKIiJDQkFTRXdvS0wyMHZNRGx0ZW5JMmNoSUZaVzR0UjBJb0FBUAE
Aarti Industries Ltd,CAAqKAgKIiJDQkFTRXdvS0wyMHZNR1JuYm14dWNoSUZaVzR0UjBJb0FBUAE
ABB India Ltd,CAAqKggKIiRDQkFTRlFvTUwyY3ZNVEZuZWpGNmRqbHVFZ1ZsYmkxSFFpZ0FQAQ
Abbott India Ltd,CAAqKAgKIiJDQkFTRXdvS0wyMHZNRGx1TldZMlloSUZaVzR0UjBJb0FBUAE
ACC Ltd,CAAqJggKIiBDQkFTRWdvSkwyMHZNRGM1TTIxbUVnVmxiaTFIUWlnQVAB
Adani Enterprises Ltd,CAAqJggKIiBDQkFTRWdvSkwyMHZNR1EwYTNsa0VnVmxiaTFIUWlnQVAB
Adani Green Energy Ltd,CAAqLAgKIiZDQkFTRmdvTkwyY3ZNVEZtTm1ONWR6aHFNeElGWlc0dFIwSW9BQVAB
Adani Ports And Special Economic Zone,CAAqKggKIiRDQkFTRlFvTUwyY3ZNVEYyYWpBMWJHNXdFZ1ZsYmkxSFFpZ0FQAQ
Adani Power Ltd,CAAqKAgKIiJDQkFTRXdvS0wyMHZNR2M1ZW01NGF4SUZaVzR0UjBJb0FBUAE
Adani Total Gas Ltd,CAAqLAgKIiZDQkFTRmdvTkwyY3ZNVEZqTnpObmVXdDNjeElGWlc0dFIwSW9BQVAB
Adani Transmission Ltd,CAAqLAgKIiZDQkFTRmdvTkwyY3ZNVEZpWXpack9XYzRaQklGWlc0dFIwSW9BQVAB
Aditya Birla Capital Ltd,CAAqLAgKIiZDQkFTRmdvTkwyY3ZNVEZrZVd4ek1EQTNaaElGWlc0dFIwSW9BQVAB
Aditya Birla Fashion And Retail Ltd,CAAqKAgKIiJDQkFTRXdvS0wyMHZNR0p0WnpOb1p4SUZaVzR0UjBJb0FBUAE
AIAEngineering Ltd,CAAqKAgKIiJDQkFTRXdvS0wyMHZNR053Tm1Kb05oSUZaVzR0UjBJb0FBUAE
Ajanta Pharma Ltd,CAAqKAgKIiJDQkFTRXdvS0wyMHZNR2RtWnpkdFh4SUZaVzR0UjBJb0FBUAE
Alembic Pharmaceuticals Ltd,CAAqLAgKIiZDQkFTRmdvTkwyY3ZNVEZuTmpoNWRqWTNZaElGWlc0dFIwSW9BQVAB
Alkem Laboratories Ltd,CAAqLAgKIiZDQkFTRmdvTkwyY3ZNVEZqYkdnd2FETjRNQklGWlc0dFIwSW9BQVAB
Amara Raja Batteries Ltd,CAAqKAgKIiJDQkFTRXdvS0wyMHZNR295WWprMWVSSUZaVzR0UjBJb0FBUAE
Ambuja Cements Ltd,CAAqKAgKIiJDQkFTRXdvS0wyMHZNREp5YkhsaWF4SUZaVzR0UjBJb0FBUAE
Apollo Hospitals Enterprise Ltd,CAAqJggKIiBDQkFTRWdvSkwyMHZNRGcyTW0xeUVnVmxiaTFIUWlnQVAB
Ashok Leyland Ltd,CAAqJggKIiBDQkFTRWdvSkwyMHZNRE4zWjJRd0VnVmxiaTFIUWlnQVAB
Asian Paints Ltd,CAAqLAgKIiZDQkFTRmdvTkwyY3ZNVEZqYzNFd2JUZ3diaElGWlc0dFIwSW9BQVAB
Astral Ltd,CAAqKAgKIiJDQkFTRXdvS0wyMHZNR054Ykd0dGVSSUZaVzR0UjBJb0FBUAE
Atul Ltd,CAAqKAgKIiJDQkFTRXdvS0wyMHZNRFkwY0RBNGF4SUZaVzR0UjBJb0FBUAE
AU Small Finance Bank Ltd,CAAqLAgKIiZDQkFTRmdvTkwyY3ZNVEZuWkdkZmNYbzRaeElGWlc0dFIwSW9BQVAB
Aurobindo Pharma Ltd,CAAqKAgKIiJDQkFTRXdvS0wyMHZNR2cyTlRoc2JSSUZaVzR0UjBJb0FBUAE
Avenue Supermarts Ltd,CAAqKAgKIiJDQkFTRXdvS0wyMHZNR2h5TjJkd2F4SUZaVzR0UjBJb0FBUAE
Axis Bank Ltd,CAAqKAgKIiJDQkFTRXdvS0wyMHZNREozWTJoM2VCSUZaVzR0UjBJb0FBUAE
Bajaj Auto Ltd,CAAqJggKIiBDQkFTRWdvSkwyMHZNREozTlRWeEVnVmxiaTFIUWlnQVAB
Bajaj Finserv Ltd,CAAqKQgKIiNDQkFTRkFvTEwyMHZNREV5TjNnMU0yZ1NCV1Z1TFVkQ0tBQVAB
Bajaj Holdings And Investment Ltd,CAAqLAgKIiZDQkFTRmdvTkwyY3ZNVEZpZVdOZmRqQjRjUklGWlc0dFIwSW9BQVAB
Balkrishna Industries Ltd,CAAqKAgKIiJDQkFTRXdvS0wyMHZNR053TlRKbWVCSUZaVzR0UjBJb0FBUAE
Bandhan Bank Ltd,CAAqKQgKIiNDQkFTRkFvTEwyMHZNREV5ZWpJeGJYSVNCV1Z1TFVkQ0tBQVAB
Bank Of Baroda,CAAqJggKIiBDQkFTRWdvSkwyMHZNREk0YUhObkVnVmxiaTFIUWlnQVAB
Bank Of India,CAAqJggKIiBDQkFTRWdvSkwyMHZNRE15T1RNNUVnVmxiaTFIUWlnQVAB
Bata India Ltimited,CAAqKAgKIiJDQkFTRXdvS0wyMHZNR053Tm5Kc1l4SUZaVzR0UjBJb0FBUAE
Bayer Cropscience Ltd India,CAAqJggKIiBDQkFTRWdvSkwyMHZNREZ6Ym5JeEVnVmxiaTFIUWlnQVAB
Berger Paints India Ltd,CAAqLAgKIiZDQkFTRmdvTkwyY3ZNVEZqTm5OeGVubHFNUklGWlc0dFIwSW9BQVAB
Bharat Electronics Ltd,CAAqKAgKIiJDQkFTRXdvS0wyMHZNREkzZVc1Nk1CSUZaVzR0UjBJb0FBUAE
Bharat Forge Ltd,CAAqKAgKIiJDQkFTRXdvS0wyMHZNREp4TlRsek9SSUZaVzR0UjBJb0FBUAE
Bharat Heavy Electricals Ltd,CAAqJggKIiBDQkFTRWdvSkwyMHZNRE5zYW5CNkVnVmxiaTFIUWlnQVAB
Bharat Petroleum Corp Ltd,CAAqKAgKIiJDQkFTRXdvS0wyMHZNREkyZERRek1oSUZaVzR0UjBJb0FBUAE
Bharti Airtel Ltd,CAAqJggKIiBDQkFTRWdvSkwyMHZNR3R4YURWekVnVmxiaTFIUWlnQVAB
Biocon Ltd,CAAqJggKIiBDQkFTRWdvSkwyMHZNRFkwYzNKaUVnVmxiaTFIUWlnQVAB
Bosch Ltd,CAAqJggKIiBDQkFTRWdvSkwyMHZNREZvYm10bUVnVmxiaTFIUWlnQVAB
Britannia Industries Ltd,CAAqJggKIiBDQkFTRWdvSkwyMHZNRGh0YzIwMEVnVmxiaTFIUWlnQVAB
Cadila Healthcare Ltd,CAAqJggKIiBDQkFTRWdvSkwyMHZNR1oyWjNkbkVnVmxiaTFIUWlnQVAB
Canara Bank,CAAqJggKIiBDQkFTRWdvSkwyMHZNRGcwTWpkb0VnVmxiaTFIUWlnQVAB
Castrol India Ltd,CAAqKAgKIiJDQkFTRXdvS0wyMHZNR2MxTjNNeGVSSUZaVzR0UjBJb0FBUAE
Cholamandalam Investment & Finance Co Ltd,CAAqLAgKIiZDQkFTRmdvTkwyY3ZNVEZuYm5Kc2VqVXpNUklGWlc0dFIwSW9BQVAB
Cipla Ltd India,CAAqJggKIiBDQkFTRWdvSkwyMHZNREowTjJjNEVnVmxiaTFIUWlnQVAB
City Union Bank Ltd,CAAqKAgKIiJDQkFTRXdvS0wyMHZNREo2T0hReWRCSUZaVzR0UjBJb0FBUAE
Coal India Ltd,CAAqKAgKIiJDQkFTRXdvS0wyMHZNREkxZERCdU1CSUZaVzR0UjBJb0FBUAE
Colgate palmolive India Ltd,CAAqJggKIiBDQkFTRWdvSkwyMHZNREZxTm10ZkVnVmxiaTFIUWlnQVAB
Container Corp Of India,CAAqKAgKIiJDQkFTRXdvS0wyMHZNRFI1T0RsNU5SSUZaVzR0UjBJb0FBUAE
Coromandel International Ltd,CAAqKAgKIiJDQkFTRXdvS0wyMHZNRGd3T0cxZmF4SUZaVzR0UjBJb0FBUAE
Crompton Greaves Consumer Electricals Ltd,CAAqLAgKIiZDQkFTRmdvTkwyY3ZNVEZpZDNGaVptdDBOaElGWlc0dFIwSW9BQVAB
Cummins India Ltd,CAAqKAgKIiJDQkFTRXdvS0wyMHZNRGx0Tm5scWJoSUZaVzR0UjBJb0FBUAE
Dabur India Ltd,CAAqJggKIiBDQkFTRWdvSkwyMHZNRFkwYldJeEVnVmxiaTFIUWlnQVAB
Dalmia Bharat Ltd,CAAqLAgKIiZDQkFTRmdvTkwyY3ZNVEZtTURFemVHTmZPUklGWlc0dFIwSW9BQVAB
Divis Laboratories Ltd,CAAqLAgKIiZDQkFTRmdvTkwyY3ZNVEZzYWpBeFltSnVZeElGWlc0dFIwSW9BQVAB
DLF Ltd,CAAqJggKIiBDQkFTRWdvSkwyMHZNR1EyWm5ac0VnVmxiaTFIUWlnQVAB
Dr Reddys Laboratories Ltd,CAAqJggKIiBDQkFTRWdvSkwyMHZNRFZvWm1wbkVnVmxiaTFIUWlnQVAB
Dr Lal Pathlabs Ltd,CAAqLAgKIiZDQkFTRmdvTkwyY3ZNVEZqYkd4cWMyMWtiQklGWlc0dFIwSW9BQVAB
Eicher Motors Ltd,CAAqJggKIiBDQkFTRWdvSkwyMHZNRFkwYzNseUVnVmxiaTFIUWlnQVAB
Emami Ltd,CAAqKAgKIiJDQkFTRXdvS0wyMHZNRGwyT1Rkb054SUZaVzR0UjBJb0FBUAE
Endurance Technologies Ltd,CAAqLAgKIiZDQkFTRmdvTkwyY3ZNVEZqTlRsZmFtUjNkQklGWlc0dFIwSW9BQVAB
Exide Industries Ltd,CAAqKAgKIiJDQkFTRXdvS0wyMHZNREp4WDJ0cWNSSUZaVzR0UjBJb0FBUAE
Federal Bank Ltd,CAAqJggKIiBDQkFTRWdvSkwyMHZNR0ozYzNwaUVnVmxiaTFIUWlnQVAB
Gail India Ltd,nan
General Insurance Corporation Of India,CAAqKAgKIiJDQkFTRXdvS0wyMHZNRFZtTkdnM2VSSUZaVzR0UjBJb0FBUAE
Gillette India Ltd,CAAqKAgKIiJDQkFTRXdvS0wyMHZNRFJtT0RWMGFCSUZaVzR0UjBJb0FBUAE
Glaxosmithkline Pharmaceuticals Ltd,CAAqKAgKIiJDQkFTRXdvS0wyMHZNR1JuYm01aU9SSUZaVzR0UjBJb0FBUAE
Glenmark Pharmaceuticals Ltd,CAAqKAgKIiJDQkFTRXdvS0wyMHZNR1JuY0dZNWNCSUZaVzR0UjBJb0FBUAE
GMR Infrastructure Ltd,CAAqKAgKIiJDQkFTRXdvS0wyMHZNRE54Wm5CM2F4SUZaVzR0UjBJb0FBUAE
Godrej Consumer Products Ltd,CAAqKAgKIiJDQkFTRXdvS0wyMHZNR053Tld4c2VCSUZaVzR0UjBJb0FBUAE
Godrej Industries Ltd,nan
Godrej Properties Ltd,CAAqKAgKIiJDQkFTRXdvS0wyMHZNR295T0RsclpoSUZaVzR0UjBJb0FBUAE
Grasim Industries Ltd,CAAqKAgKIiJDQkFTRXdvS0wyMHZNREp4YW5GdVh4SUZaVzR0UjBJb0FBUAE
Gujarat Gas Ltd,CAAqKAgKIiJDQkFTRXdvS0wyMHZNR2czY1hwNGVoSUZaVzR0UjBJb0FBUAE
Gujarat State Petronet Ltd,CAAqKAgKIiJDQkFTRXdvS0wyMHZNR054WkhScU54SUZaVzR0UjBJb0FBUAE
Havells India Ltd,CAAqKAgKIiJDQkFTRXdvS0wyMHZNRGxuTm0xemNSSUZaVzR0UjBJb0FBUAE
HCL Technologies Ltd,CAAqJggKIiBDQkFTRWdvSkwyMHZNRFk1T0dkMkVnVmxiaTFIUWlnQVAB
HDFC Asset Management Company Ltd,CAAqLAgKIiZDQkFTRmdvTkwyY3ZNVEZtTjNCemFEZHdjaElGWlc0dFIwSW9BQVAB
HDFC Bank Ltd,CAAqKAgKIiJDQkFTRXdvS0wyMHZNREkxZEhwbmF4SUZaVzR0UjBJb0FBUAE
HDFC Life Insurance Company Ltd,CAAqKAgKIiJDQkFTRXdvS0wyMHZNR3h4TlhNemFoSUZaVzR0UjBJb0FBUAE
Hero Motocorp Ltd,CAAqJggKIiBDQkFTRWdvSkwyMHZNRGR5T1hsd0VnVmxiaTFIUWlnQVAB
Hindalco Industries Ltd,CAAqJggKIiBDQkFTRWdvSkwyMHZNRFkwYzIxb0VnVmxiaTFIUWlnQVAB
Hindustan Aeronautics Ltd,CAAqJggKIiBDQkFTRWdvSkwyMHZNREZyTVdwaUVnVmxiaTFIUWlnQVAB
Hindustan Petroleum Corp Ltd,CAAqKAgKIiJDQkFTRXdvS0wyMHZNREkyZERSZlh4SUZaVzR0UjBJb0FBUAE
Hindustan Unilever Ltd,CAAqJggKIiBDQkFTRWdvSkwyMHZNREkwTW1aakVnVmxiaTFIUWlnQVAB
Hindustan Zinc Ltd,CAAqKAgKIiJDQkFTRXdvS0wyMHZNRFZqTTIwMWVoSUZaVzR0UjBJb0FBUAE
Honeywell Automation India Ltd,CAAqKAgKIiJDQkFTRXdvS0wyMHZNRGx1TldobVpCSUZaVzR0UjBJb0FBUAE
Housing Development Finance Corp,CAAqJggKIiBDQkFTRWdvSkwyMHZNRFJuT0hweUVnVmxiaTFIUWlnQVAB
ICICI Bank Ltd,CAAqJggKIiBDQkFTRWdvSkwyMHZNRE5vTm5FMkVnVmxiaTFIUWlnQVAB
ICICI Lombard General Insurance Company Ltd,CAAqKAgKIiJDQkFTRXdvS0wyMHZNREp3YWpReVpoSUZaVzR0UjBJb0FBUAE
ICICI Prudential Life Insurance Company Ltd,CAAqKQgKIiNDQkFTRkFvTEwyMHZNREV6WmpNM01ISVNCV1Z1TFVkQ0tBQVAB
IDBI Bank Ltd,CAAqJggKIiBDQkFTRWdvSkwyMHZNRGt3ZDJoMkVnVmxiaTFIUWlnQVAB
IDFC First Bank Ltd,CAAqLAgKIiZDQkFTRmdvTkwyY3ZNVEZqTm5wNGVUSnFiQklGWlc0dFIwSW9BQVAB
Indian Hotels Co Ltd,CAAqLAgKIiZDQkFTRmdvTkwyY3ZNVEZuTXpCNlh6RTJjeElGWlc0dFIwSW9BQVAB
Indian Oil Corp Ltd,CAAqKAgKIiJDQkFTRXdvS0wyMHZNREkyYkhwbmNSSUZaVzR0UjBJb0FBUAE
Indian Overseas Bank,CAAqJggKIiBDQkFTRWdvSkwyMHZNRE15WXpJMkVnVmxiaTFIUWlnQVAB
Indian Railway Catering And Tourism Corporation Ltd,CAAqJggKIiBDQkFTRWdvSkwyMHZNRFpyY1hsa0VnVmxiaTFIUWlnQVAB
Indraprastha Gas Ltd,CAAqKAgKIiJDQkFTRXdvS0wyMHZNR2QyZGpCNk5oSUZaVzR0UjBJb0FBUAE
Indus Towers Ltd,CAAqKAgKIiJDQkFTRXdvS0wyMHZNR2RtWnpKdVp4SUZaVzR0UjBJb0FBUAE
IndusInd Bank Ltd,CAAqKAgKIiJDQkFTRXdvS0wyMHZNREp5Tkd4MmRCSUZaVzR0UjBJb0FBUAE
Info Edge (India) Ltd,CAAqKAgKIiJDQkFTRXdvS0wyMHZNR054YUhNNGFCSUZaVzR0UjBJb0FBUAE
Infosys Ltd,CAAqJggKIiBDQkFTRWdvSkwyMHZNREZyT0hnMkVnVmxiaTFIUWlnQVAB
Interglobe Aviation Ltd,CAAqJggKIiBDQkFTRWdvSkwyMHZNRFpzTldockVnVmxiaTFIUWlnQVAB
Ipca Laboratories Ltd,CAAqKAgKIiJDQkFTRXdvS0wyMHZNR053TmpGd2VoSUZaVzR0UjBJb0FBUAE
ITC Ltd,CAAqJggKIiBDQkFTRWdvSkwyMHZNRFkwYzJKekVnVmxiaTFIUWlnQVAB
Jindal Steel & Power Ltd,CAAqJggKIiBDQkFTRWdvSkwyMHZNRFkwYzNac0VnVmxiaTFIUWlnQVAB
JSW Energy Ltd,CAAqKAgKIiJDQkFTRXdvS0wyMHZNR1JuY25NeWF4SUZaVzR0UjBJb0FBUAE
JSW  Steel Ltd,CAAqKAgKIiJDQkFTRXdvS0wyMHZNR050WkdodGNCSUZaVzR0UjBJb0FBUAE
Jubilant Foodworks Ltd,CAAqKAgKIiJDQkFTRXdvS0wyMHZNR2QwZUhsNGRCSUZaVzR0UjBJb0FBUAE
Kansai Nerolac Paints Ltd,CAAqKAgKIiJDQkFTRXdvS0wyMHZNR1JuYzNCd09SSUZaVzR0UjBJb0FBUAE
Kotak Mahindra Bank Ltd,CAAqJggKIiBDQkFTRWdvSkwyMHZNRGxxY25jeEVnVmxiaTFIUWlnQVAB
L&T Finance Holdings Ltd,CAAqKggKIiRDQkFTRlFvTUwyY3ZNVEZuZVhneU1XaHhFZ1ZsYmkxSFFpZ0FQAQ
L&T Technology Services Ltd,CAAqLAgKIiZDQkFTRmdvTkwyY3ZNVEZuWW5OMFgyeDNjQklGWlc0dFIwSW9BQVAB
Larsen & Toubro Infotech Ltd,CAAqJggKIiBDQkFTRWdvSkwyMHZNRFowYURaaUVnVmxiaTFIUWlnQVAB
Larsen & Toubro Ltd,CAAqJggKIiBDQkFTRWdvSkwyMHZNRGR4TkhGdEVnVmxiaTFIUWlnQVAB
LIC Housing Finance Ltd,CAAqKAgKIiJDQkFTRXdvS0wyMHZNR295Tm5CeGNCSUZaVzR0UjBJb0FBUAE
Lupin Ltd,CAAqKAgKIiJDQkFTRXdvS0wyMHZNR0ppZUc1emRCSUZaVzR0UjBJb0FBUAE
Mahindra & Mahindra Financial Services Ltd,CAAqKAgKIiJDQkFTRXdvS0wyMHZNR2QyY2pOc2RCSUZaVzR0UjBJb0FBUAE
Mahindra & Mahindra Ltd,CAAqKAgKIiJDQkFTRXdvS0wyMHZNREkzWjI1dE5oSUZaVzR0UjBJb0FBUAE
Marico Ltd,CAAqKAgKIiJDQkFTRXdvS0wyMHZNREk0Tmw5bVpoSUZaVzR0UjBJb0FBUAE
Maruti Suzuki India Ltd,CAAqJggKIiBDQkFTRWdvSkwyMHZNRFF5WjJkckVnVmxiaTFIUWlnQVAB
Max Financial Services Ltd,CAAqLAgKIiZDQkFTRmdvTkwyY3ZNVEZpWXpWemREZHFiaElGWlc0dFIwSW9BQVAB
Mindtree Ltd,CAAqJggKIiBDQkFTRWdvSkwyMHZNR1kyZERBM0VnVmxiaTFIUWlnQVAB
Motherson Sumi Systems Ltd,CAAqKAgKIiJDQkFTRXdvS0wyMHZNR295TjNoNVpCSUZaVzR0UjBJb0FBUAE
Motilal Oswal Financial Services Ltd,CAAqKAgKIiJDQkFTRXdvS0wyMHZNR053Tm5CeGN4SUZaVzR0UjBJb0FBUAE
Mphasis Ltd,CAAqJggKIiBDQkFTRWdvSkwyMHZNRGc1WHpjM0VnVmxiaTFIUWlnQVAB
MRF Ltd,CAAqJggKIiBDQkFTRWdvSkwyMHZNRGsyZVRNNUVnVmxiaTFIUWlnQVAB
Muthoot Finance Ltd,CAAqKAgKIiJDQkFTRXdvS0wyMHZNSEZtY1RFeGR4SUZaVzR0UjBJb0FBUAE
Natco Pharma Ltd,CAAqKAgKIiJDQkFTRXdvS0wyMHZNR054YldvemNCSUZaVzR0UjBJb0FBUAE
Nestle India Ltd,CAAqLAgKIiZDQkFTRmdvTkwyY3ZNVEZrZURsbWFtZG5jeElGWlc0dFIwSW9BQVAB
Nhpc Ltd,CAAqKAgKIiJDQkFTRXdvS0wyMHZNRFJqYzNvMGVSSUZaVzR0UjBJb0FBUAE
Nippon Life India Asset Management Ltd,CAAqLAgKIiZDQkFTRmdvTkwyY3ZNVEZtTVhvNGFtYzNOQklGWlc0dFIwSW9BQVAB
NMDC Ltd,CAAqJggKIiBDQkFTRWdvSkwyMHZNR0prWDJjd0VnVmxiaTFIUWlnQVAB
NTPC Ltd,CAAqJggKIiBDQkFTRWdvSkwyMHZNR0o1TkhSakVnVmxiaTFIUWlnQVAB
Oberoi Realty Ltd,CAAqKAgKIiJDQkFTRXdvS0wyMHZNR2RtWjNGcmJSSUZaVzR0UjBJb0FBUAE
Oil & Natural Gas Corp Ltd,CAAqKAgKIiJDQkFTRXdvS0wyMHZNREkyY0hKelloSUZaVzR0UjBJb0FBUAE
Oil India Ltd,CAAqJggKIiBDQkFTRWdvSkwyMHZNR0l4Wm5odEVnVmxiaTFIUWlnQVAB
Oracle Financial Services Software Ltd,CAAqJggKIiBDQkFTRWdvSkwyMHZNRGMyZW1neUVnVmxiaTFIUWlnQVAB
Page Industries Ltd,CAAqKAgKIiJDQkFTRXdvS0wyMHZNR053TlRoM09CSUZaVzR0UjBJb0FBUAE
Petronet LNG Ltd,CAAqJggKIiBDQkFTRWdvSkwyMHZNR0pzYkdkckVnVmxiaTFIUWlnQVAB
Pfizer Ltd (India),CAAqLAgKIiZDQkFTRmdvTkwyY3ZNVEZpZVdRd01HZDVkaElGWlc0dFIwSW9BQVAB
PI Industries Ltd,CAAqKAgKIiJDQkFTRXdvS0wyMHZNR053TjNGc2JSSUZaVzR0UjBJb0FBUAE
Pidilite Industries Ltd,CAAqJggKIiBDQkFTRWdvSkwyMHZNR1p0TmpneEVnVmxiaTFIUWlnQVAB
Piramal Enterprises Ltd,CAAqKAgKIiJDQkFTRXdvS0wyMHZNSGQ2ZURSeVpoSUZaVzR0UjBJb0FBUAE
Polycab India Ltd,CAAqLAgKIiZDQkFTRmdvTkwyY3ZNVEZuT1c0ek1GOWlaQklGWlc0dFIwSW9BQVAB
Power Finance Corp Ltd,CAAqKAgKIiJDQkFTRXdvS0wyMHZNRFV4ZG5seWJSSUZaVzR0UjBJb0FBUAE
Power Grid Corp Of India Ltd,CAAqJggKIiBDQkFTRWdvSkwyMHZNRGR3YXpJd0VnVmxiaTFIUWlnQVAB
Procter & Gamble Hygiene & Health Care Ltd,CAAqKAgKIiJDQkFTRXdvS0wyMHZNRGx0TUY5M2VSSUZaVzR0UjBJb0FBUAE
Punjab National Bank,CAAqJggKIiBDQkFTRWdvSkwyMHZNREk1Y2pKNUVnVmxiaTFIUWlnQVAB
Rajesh Exports Ltd,CAAqLAgKIiZDQkFTRmdvTkwyY3ZNVEZtTTJZeGJETmZkaElGWlc0dFIwSW9BQVAB
Ramco Cements Ltd,CAAqKggKIiRDQkFTRlFvTUwyY3ZNVEp4Tkhwak16UnhFZ1ZsYmkxSFFpZ0FQAQ
RBL Bank Ltd,CAAqKAgKIiJDQkFTRXdvS0wyMHZNSE00ZUhwM2R4SUZaVzR0UjBJb0FBUAE
REC Ltd,CAAqKAgKIiJDQkFTRXdvS0wyMHZNRGxuWkhoMFpoSUZaVzR0UjBJb0FBUAE
Relaxo Footwears Ltd,CAAqLAgKIiZDQkFTRmdvTkwyY3ZNVEZpZVdRMWQyZzVjQklGWlc0dFIwSW9BQVAB
Reliance Industries Ltd,CAAqJggKIiBDQkFTRWdvSkwyMHZNREkwTW1NMkVnVmxiaTFIUWlnQVAB
Sanofi India Ltd,CAAqKAgKIiJDQkFTRXdvS0wyMHZNR050T1dZMmJSSUZaVzR0UjBJb0FBUAE
SBI Cards And Payment Services Ltd,CAAqKAgKIiJDQkFTRXdvS0wyMHZNR3N5WW01bVh4SUZaVzR0UjBJb0FBUAE
SBI Life Insurance Company Ltd,CAAqKAgKIiJDQkFTRXdvS0wyMHZNR05vTTIwME54SUZaVzR0UjBJb0FBUAE
Shree Cement Ltd,CAAqKAgKIiJDQkFTRXdvS0wyMHZNR1JuY25BM2VCSUZaVzR0UjBJb0FBUAE
Shriram Transport Finance Co Ltd,CAAqKAgKIiJDQkFTRXdvS0wyMHZNR053Tm1kdU5SSUZaVzR0UjBJb0FBUAE
Siemens India Ltd,CAAqJggKIiBDQkFTRWdvSkwyMHZNREUyYkRJd0VnVmxiaTFIUWlnQVAB
SRF Ltd,CAAqKAgKIiJDQkFTRXdvS0wyMHZNR2d6Y21kd1loSUZaVzR0UjBJb0FBUAE
State Bank Of India,CAAqJggKIiBDQkFTRWdvSkwyMHZNREkwTW10aUVnVmxiaTFIUWlnQVAB
Steel Authority Of India Ltd,CAAqJggKIiBDQkFTRWdvSkwyMHZNREkwTTNveEVnVmxiaTFIUWlnQVAB
Sun Pharmaceutical Industries Ltd,CAAqKAgKIiJDQkFTRXdvS0wyMHZNRFEzWXpKZmVoSUZaVzR0UjBJb0FBUAE
Sun Tv Network Ltd,CAAqJggKIiBDQkFTRWdvSkwyMHZNRFozZGpGdEVnVmxiaTFIUWlnQVAB
Supreme Industries,CAAqKAgKIiJDQkFTRXdvS0wyMHZNR1JuYm5oNFloSUZaVzR0UjBJb0FBUAE
Syngene International Ltd,CAAqLAgKIiZDQkFTRmdvTkwyY3ZNVEZpZG5aNWJXNTJlUklGWlc0dFIwSW9BQVAB
Tata Communications Ltd,CAAqJggKIiBDQkFTRWdvSkwyMHZNRFF6TXpockVnVmxiaTFIUWlnQVAB
Tata Consultancy Services Ltd,CAAqJggKIiBDQkFTRWdvSkwyMHZNREZ3YzNnNEVnVmxiaTFIUWlnQVAB
Tata Consumer Products Ltd,CAAqJggKIiBDQkFTRWdvSkwyMHZNRE56YzNZM0VnVmxiaTFIUWlnQVAB
Tata Motors Ltd,CAAqJggKIiBDQkFTRWdvSkwyMHZNRE5xZUhSdEVnVmxiaTFIUWlnQVAB
Tata Motors Ltd Dvr,nan
Tata Power Co Ltd,CAAqJggKIiBDQkFTRWdvSkwyMHZNRGRzWDNFMUVnVmxiaTFIUWlnQVAB
Tata Steel Ltd,CAAqJggKIiBDQkFTRWdvSkwyMHZNRE14TURsa0VnVmxiaTFIUWlnQVAB
Tech Mahindra Ltd,CAAqJggKIiBDQkFTRWdvSkwyMHZNR0o1TTJ4MEVnVmxiaTFIUWlnQVAB
The New India Assurance Company Ltd,CAAqJggKIiBDQkFTRWdvSkwyMHZNR0p6WjIxaUVnVmxiaTFIUWlnQVAB
Thermax Ltd,CAAqKAgKIiJDQkFTRXdvS0wyMHZNR050WW5GNk5CSUZaVzR0UjBJb0FBUAE
Titan Co Ltd,CAAqJggKIiBDQkFTRWdvSkwyMHZNRFkwYlRjMkVnVmxiaTFIUWlnQVAB
Torrent Pharmaceuticals Ltd,CAAqJggKIiBDQkFTRWdvSkwyMHZNR1oyWmw5ZkVnVmxiaTFIUWlnQVAB
Torrent Power Ltd,CAAqJggKIiBDQkFTRWdvSkwyMHZNR1oyWnpOekVnVmxiaTFIUWlnQVAB
Trent Ltd,CAAqJggKIiBDQkFTRWdvSkwyMHZNR1pxTW5RM0VnVmxiaTFIUWlnQVAB
TVS Motor Co Ltd,CAAqJggKIiBDQkFTRWdvSkwyMHZNR0owWm14eUVnVmxiaTFIUWlnQVAB
Ultratech Cement Ltd,CAAqKAgKIiJDQkFTRXdvS0wyMHZNR05vTVdOd1l4SUZaVzR0UjBJb0FBUAE
Union Bank Of India,CAAqJggKIiBDQkFTRWdvSkwyMHZNRFkwYzJoaUVnVmxiaTFIUWlnQVAB
United Breweries Ltd,CAAqJggKIiBDQkFTRWdvSkwyMHZNRGRrTlhSakVnVmxiaTFIUWlnQVAB
United Phosphorus Ltd,CAAqKAgKIiJDQkFTRXdvS0wyMHZNR053TkdaNE1SSUZaVzR0UjBJb0FBUAE
Varun Beverages Ltd,CAAqLAgKIiZDQkFTRmdvTkwyY3ZNVEZqYzJKeGVYSjZaaElGWlc0dFIwSW9BQVAB
Vedanta Ltd,CAAqJggKIiBDQkFTRWdvSkwyMHZNRFJ0Y1RoNUVnVmxiaTFIUWlnQVAB
Vodafone Idea Ltd,CAAqJggKIiBDQkFTRWdvSkwyMHZNR1F5YlhGaUVnVmxiaTFIUWlnQVAB
Voltas Ltd,CAAqJggKIiBDQkFTRWdvSkwyMHZNR2N4TnpKZkVnVmxiaTFIUWlnQVAB
Whirlpool Of India Ltd,CAAqKAgKIiJDQkFTRXdvS0wyMHZNRGx0ZERsa1poSUZaVzR0UjBJb0FBUAE
Wipro Ltd,CAAqJggKIiBDQkFTRWdvSkwyMHZNREkwTVY5c0VnVmxiaTFIUWlnQVAB
Zee Entertainment Enterprises Ltd,CAAqJggKIiBDQkFTRWdvSkwyMHZNRE40TlhsMkVnVmxiaTFIUWlnQVAB
